{"cameraMode":{"drawMode":0,"name":"Shaded","section":"Shading Mode"},"sceneLighting":true,"audioPlay":false,"sceneViewState":{"m_AlwaysRefresh":false,"showFog":true,"showSkybox":true,"showFlares":true,"showImageEffects":true,"showParticleSystems":true,"showVisualEffectGraphs":true,"m_FxEnabled":true},"in2DMode":false,"pivot":{"x":-8.985910415649414,"y":5.700491905212402,"z":-11.566927909851075},"rotation":{"x":0.02493033930659294,"y":-0.8699783682823181,"z":0.04483024403452873,"w":0.49069198966026308},"size":11.925186157226563,"orthographic":false}