{"cameraMode":{"drawMode":0,"name":"Shaded","section":"Shading Mode"},"sceneLighting":true,"audioPlay":false,"sceneViewState":{"m_AlwaysRefresh":false,"showFog":true,"showSkybox":true,"showFlares":true,"showImageEffects":true,"showParticleSystems":true,"showVisualEffectGraphs":true,"m_FxEnabled":true},"in2DMode":false,"pivot":{"x":-23.495498657226564,"y":94.28504180908203,"z":109.15523529052735},"rotation":{"x":-0.02084374986588955,"y":-0.2429617941379547,"z":0.004509706515818834,"w":-0.9700207114219666},"size":731.5728149414063,"orthographic":false}