{"cameraMode":{"drawMode":0,"name":"Shaded","section":"Shading Mode"},"sceneLighting":true,"audioPlay":false,"sceneViewState":{"m_AlwaysRefresh":false,"showFog":true,"showSkybox":true,"showFlares":true,"showImageEffects":true,"showParticleSystems":true,"showVisualEffectGraphs":true,"m_FxEnabled":true},"in2DMode":false,"pivot":{"x":281.9971923828125,"y":17.853689193725587,"z":36.373966217041019},"rotation":{"x":0.23870180547237397,"y":-0.3090961277484894,"z":0.08288596570491791,"w":0.9174347519874573},"size":48.88591384887695,"orthographic":false}